anchor_index,anchor_ts,fecha,hora,minuto
121,1775026860,2026-04-01,02,01
263,1775035380,2026-04-01,04,23
464,1775047440,2026-04-01,07,44
487,1775048820,2026-04-01,08,07
724,1775063040,2026-04-01,12,04
816,1775068560,2026-04-01,13,36
881,1775072460,2026-04-01,14,41
899,1775073540,2026-04-01,14,59
900,1775073600,2026-04-01,15,00
960,1775080800,2026-04-01,17,00
964,1775081040,2026-04-01,17,04
1012,1775083920,2026-04-01,17,52
1034,1775085240,2026-04-01,18,14
1111,1775089860,2026-04-01,19,31
1139,1775091540,2026-04-01,19,59
1263,1775098980,2026-04-01,22,03
1285,1775100300,2026-04-01,22,25
1405,1775107500,2026-04-02,00,25
1410,1775107800,2026-04-02,00,30
1454,1775110440,2026-04-02,01,14
1559,1775116740,2026-04-02,02,59
1711,1775125860,2026-04-02,05,31
1741,1775127660,2026-04-02,06,01
1812,1775131920,2026-04-02,07,12
1891,1775136660,2026-04-02,08,31
1900,1775137200,2026-04-02,08,40
1957,1775140620,2026-04-02,09,37
2060,1775146800,2026-04-02,11,20
2125,1775150700,2026-04-02,12,25
2152,1775152320,2026-04-02,12,52
2309,1775161740,2026-04-02,15,29
2360,1775168400,2026-04-02,17,20
2460,1775174460,2026-04-02,19,01
2630,1775184660,2026-04-02,21,51
2632,1775184780,2026-04-02,21,53
2742,1775191380,2026-04-02,23,43
2805,1775195160,2026-04-03,00,46
2889,1775200200,2026-04-03,02,10
2941,1775203320,2026-04-03,03,02
3015,1775207760,2026-04-03,04,16
3019,1775208000,2026-04-03,04,20
3067,1775211180,2026-04-03,05,13
3077,1775211780,2026-04-03,05,23
3121,1775214420,2026-04-03,06,07
3122,1775214480,2026-04-03,06,08
3122,1775214480,2026-04-03,06,08
3204,1775219400,2026-04-03,07,30
3260,1775427060,2026-04-05,17,11
3307,1775429880,2026-04-05,17,58
3313,1775430240,2026-04-05,18,04
3457,1775438880,2026-04-05,20,28
3484,1775440500,2026-04-05,20,55
3513,1775442240,2026-04-05,21,24
3568,1775445540,2026-04-05,22,19
3678,1775452140,2026-04-06,00,09
3717,1775454480,2026-04-06,00,48
3779,1775458200,2026-04-06,01,50
3800,1775459460,2026-04-06,02,11
3914,1775466300,2026-04-06,04,05
4015,1775472360,2026-04-06,05,46
4184,1775482500,2026-04-06,08,35
4186,1775482620,2026-04-06,08,37
4209,1775484000,2026-04-06,09,00
4302,1775489580,2026-04-06,10,33
4367,1775493480,2026-04-06,11,38
4403,1775495640,2026-04-06,12,14
4473,1775499840,2026-04-06,13,24
4483,1775500440,2026-04-06,13,34
4514,1775502300,2026-04-06,14,05
4550,1775504460,2026-04-06,14,41
4559,1775505000,2026-04-06,14,50
4587,1775506680,2026-04-06,15,18
4635,1775513160,2026-04-06,17,06
4685,1775516160,2026-04-06,17,56
4704,1775517300,2026-04-06,18,15
4755,1775520360,2026-04-06,19,06
4766,1775521020,2026-04-06,19,17
4876,1775527620,2026-04-06,21,07
4960,1775532660,2026-04-06,22,31
5008,1775535540,2026-04-06,23,19
5039,1775537400,2026-04-06,23,50
5094,1775540700,2026-04-07,00,45
5171,1775545320,2026-04-07,02,02
5192,1775546580,2026-04-07,02,23
5323,1775554440,2026-04-07,04,34
5475,1775563560,2026-04-07,07,06
5559,1775568600,2026-04-07,08,30
5597,1775570880,2026-04-07,09,08
5622,1775572380,2026-04-07,09,33
5655,1775574360,2026-04-07,10,06
5757,1775580480,2026-04-07,11,48
5790,1775582460,2026-04-07,12,21
5805,1775583360,2026-04-07,12,36
5885,1775588160,2026-04-07,13,56
6041,1775601120,2026-04-07,17,32
6041,1775601120,2026-04-07,17,32
6131,1775606520,2026-04-07,19,02
6165,1775608560,2026-04-07,19,36
6309,1775617200,2026-04-07,22,00
6336,1775618820,2026-04-07,22,27
6337,1775618880,2026-04-07,22,28
6337,1775618880,2026-04-07,22,28
6385,1775621760,2026-04-07,23,16
6431,1775624520,2026-04-08,00,02
6435,1775624760,2026-04-08,00,06
6442,1775625180,2026-04-08,00,13
6505,1775628960,2026-04-08,01,16
6552,1775631780,2026-04-08,02,03
6573,1775633040,2026-04-08,02,24
6613,1775635440,2026-04-08,03,04
6682,1775639580,2026-04-08,04,13
6713,1775641440,2026-04-08,04,44
6766,1775644620,2026-04-08,05,37
6811,1775647320,2026-04-08,06,22
6856,1775650020,2026-04-08,07,07
6870,1775650860,2026-04-08,07,21
6939,1775655000,2026-04-08,08,30
7025,1775660160,2026-04-08,09,56
7144,1775667300,2026-04-08,11,55
7186,1775669820,2026-04-08,12,37
7218,1775671740,2026-04-08,13,09
7226,1775672220,2026-04-08,13,17
7226,1775672220,2026-04-08,13,17
7270,1775674860,2026-04-08,14,01
7328,1775678340,2026-04-08,14,59
7389,1775685600,2026-04-08,17,00
7398,1775686140,2026-04-08,17,09
7410,1775686860,2026-04-08,17,21
7454,1775689500,2026-04-08,18,05
7513,1775693040,2026-04-08,19,04
7530,1775694060,2026-04-08,19,21
7592,1775697780,2026-04-08,20,23
7680,1775703060,2026-04-08,21,51
7819,1775711400,2026-04-09,00,10
7872,1775714580,2026-04-09,01,03
7920,1775717460,2026-04-09,01,51
7929,1775718000,2026-04-09,02,00
8004,1775722500,2026-04-09,03,15
8134,1775730300,2026-04-09,05,25
8194,1775733900,2026-04-09,06,25
8334,1775742300,2026-04-09,08,45
8385,1775745360,2026-04-09,09,36
8472,1775750580,2026-04-09,11,03
8516,1775753220,2026-04-09,11,47
8569,1775756400,2026-04-09,12,40
8614,1775759100,2026-04-09,13,25
8701,1775764320,2026-04-09,14,52
8715,1775765160,2026-04-09,15,06
8775,1775772360,2026-04-09,17,06
8832,1775775780,2026-04-09,18,03
8877,1775778480,2026-04-09,18,48
8897,1775779680,2026-04-09,19,08
8985,1775784960,2026-04-09,20,36
9031,1775787720,2026-04-09,21,22
9108,1775792340,2026-04-09,22,39
9170,1775796060,2026-04-09,23,41
9191,1775797320,2026-04-10,00,02
9194,1775797500,2026-04-10,00,05
9194,1775797500,2026-04-10,00,05
9300,1775803860,2026-04-10,01,51
9346,1775806620,2026-04-10,02,37
9387,1775809080,2026-04-10,03,18
9448,1775812740,2026-04-10,04,19
9461,1775813520,2026-04-10,04,32
9581,1775820720,2026-04-10,06,32
9607,1775822280,2026-04-10,06,58
9638,1775824140,2026-04-10,07,29
9646,1775824620,2026-04-10,07,37
9702,1775827980,2026-04-10,08,33
9740,1775830260,2026-04-10,09,11
9813,1775834640,2026-04-10,10,24
9893,1775839440,2026-04-10,11,44
9990,1775845260,2026-04-10,13,21
10012,1775846580,2026-04-10,13,43
10148,1775854740,2026-04-10,15,59
10149,1776031200,2026-04-12,17,00
10161,1776031920,2026-04-12,17,12
10258,1776037740,2026-04-12,18,49
10386,1776045420,2026-04-12,20,57
10415,1776047160,2026-04-12,21,26
10449,1776049200,2026-04-12,22,00
10462,1776049980,2026-04-12,22,13
10475,1776050760,2026-04-12,22,26
10513,1776053040,2026-04-12,23,04
10564,1776056100,2026-04-12,23,55
10586,1776057420,2026-04-13,00,17
10690,1776063660,2026-04-13,02,01
10714,1776065100,2026-04-13,02,25
10752,1776067380,2026-04-13,03,03
10790,1776069660,2026-04-13,03,41
10844,1776072900,2026-04-13,04,35
10859,1776073800,2026-04-13,04,50
10929,1776078000,2026-04-13,06,00
10991,1776081720,2026-04-13,07,02
11167,1776092280,2026-04-13,09,58
11234,1776096300,2026-04-13,11,05
11308,1776100740,2026-04-13,12,19
11376,1776104820,2026-04-13,13,27
11528,1776113940,2026-04-13,15,59
11529,1776117600,2026-04-13,17,00
11599,1776121800,2026-04-13,18,10
11655,1776125160,2026-04-13,19,06
11688,1776127140,2026-04-13,19,39
11711,1776128520,2026-04-13,20,02
11786,1776133020,2026-04-13,21,17
11855,1776137160,2026-04-13,22,26
11970,1776144060,2026-04-14,00,21
12033,1776147840,2026-04-14,01,24
12191,1776157320,2026-04-14,04,02
12251,1776160920,2026-04-14,05,02
12268,1776161940,2026-04-14,05,19
12270,1776162060,2026-04-14,05,21
12273,1776162240,2026-04-14,05,24
12309,1776164400,2026-04-14,06,00
12399,1776169800,2026-04-14,07,30
12456,1776173220,2026-04-14,08,27
12457,1776173280,2026-04-14,08,28
12457,1776173280,2026-04-14,08,28
12544,1776178500,2026-04-14,09,55
12555,1776179160,2026-04-14,10,06
12719,1776189000,2026-04-14,12,50
12754,1776191100,2026-04-14,13,25
12848,1776196740,2026-04-14,14,59
12852,1776196980,2026-04-14,15,03
12894,1776199500,2026-04-14,15,45
12909,1776204000,2026-04-14,17,00
12918,1776204540,2026-04-14,17,09
12943,1776206040,2026-04-14,17,34
13017,1776210480,2026-04-14,18,48
13019,1776210600,2026-04-14,18,50
13019,1776210600,2026-04-14,18,50
13071,1776213720,2026-04-14,19,42
13137,1776217680,2026-04-14,20,48
13191,1776220920,2026-04-14,21,42
13265,1776225360,2026-04-14,22,56
13327,1776229080,2026-04-14,23,58
13329,1776229200,2026-04-15,00,00
13380,1776232260,2026-04-15,00,51
13490,1776238860,2026-04-15,02,41
13494,1776239100,2026-04-15,02,45
13570,1776243660,2026-04-15,04,01
13662,1776249180,2026-04-15,05,33
13735,1776253560,2026-04-15,06,46
13765,1776255360,2026-04-15,07,16
14012,1776270180,2026-04-15,11,23
14045,1776272160,2026-04-15,11,56
14228,1776283140,2026-04-15,14,59
14242,1776283980,2026-04-15,15,13
14513,1776303840,2026-04-15,20,44
14528,1776304740,2026-04-15,20,59
14594,1776308700,2026-04-15,22,05
14711,1776315720,2026-04-16,00,02
14782,1776319980,2026-04-16,01,13
14837,1776323280,2026-04-16,02,08
14869,1776325200,2026-04-16,02,40
14924,1776328500,2026-04-16,03,35
15014,1776333900,2026-04-16,05,05
15056,1776336420,2026-04-16,05,47
15164,1776342900,2026-04-16,07,35
15219,1776346200,2026-04-16,08,30
15219,1776346200,2026-04-16,08,30
15244,1776347700,2026-04-16,08,55
15387,1776356280,2026-04-16,11,18
15402,1776357180,2026-04-16,11,33
15415,1776357960,2026-04-16,11,46
15445,1776359760,2026-04-16,12,16
15477,1776361680,2026-04-16,12,48
15517,1776364080,2026-04-16,13,28
15607,1776369480,2026-04-16,14,58
15608,1776369540,2026-04-16,14,59
15608,1776369540,2026-04-16,14,59
15616,1776370020,2026-04-16,15,07
15655,1776372360,2026-04-16,15,46
15669,1776376800,2026-04-16,17,00
15699,1776378600,2026-04-16,17,30
15742,1776381180,2026-04-16,18,13
15769,1776382800,2026-04-16,18,40
15804,1776384900,2026-04-16,19,15
15856,1776388020,2026-04-16,20,07
16006,1776397020,2026-04-16,22,37
16057,1776400080,2026-04-16,23,28
16092,1776402180,2026-04-17,00,03
16156,1776406020,2026-04-17,01,07
16185,1776407760,2026-04-17,01,36
16402,1776420780,2026-04-17,05,13
16432,1776422580,2026-04-17,05,43
16583,1776431640,2026-04-17,08,14
16602,1776432780,2026-04-17,08,33
16725,1776440160,2026-04-17,10,36
16749,1776441600,2026-04-17,11,00
16785,1776443760,2026-04-17,11,36
16833,1776446640,2026-04-17,12,24
16856,1776448020,2026-04-17,12,47
16891,1776450120,2026-04-17,13,22
16907,1776451080,2026-04-17,13,38
16943,1776453240,2026-04-17,14,14
17005,1776456960,2026-04-17,15,16
17049,1776636000,2026-04-19,17,00
17119,1776640200,2026-04-19,18,10
17177,1776643680,2026-04-19,19,08
17285,1776650160,2026-04-19,20,56
17366,1776655020,2026-04-19,22,17
17379,1776655800,2026-04-19,22,30
17380,1776655860,2026-04-19,22,31
17380,1776655860,2026-04-19,22,31
17513,1776663840,2026-04-20,00,44
17611,1776669720,2026-04-20,02,22
17656,1776672420,2026-04-20,03,07
17715,1776675960,2026-04-20,04,06
17727,1776676680,2026-04-20,04,18
17780,1776679860,2026-04-20,05,11
17833,1776683040,2026-04-20,06,04
17979,1776691800,2026-04-20,08,30
18076,1776697620,2026-04-20,10,07
18304,1776711300,2026-04-20,13,55
18361,1776714720,2026-04-20,14,52
18435,1776722760,2026-04-20,17,06
18587,1776731880,2026-04-20,19,38
18596,1776732420,2026-04-20,19,47
18667,1776736680,2026-04-20,20,58
18688,1776737940,2026-04-20,21,19
18751,1776741720,2026-04-20,22,22
18875,1776749160,2026-04-21,00,26
18898,1776750600,2026-04-21,00,50
18918,1776751800,2026-04-21,01,10
19034,1776758760,2026-04-21,03,06
19075,1776761220,2026-04-21,03,47
19096,1776762480,2026-04-21,04,08
19214,1776769560,2026-04-21,06,06
19217,1776769740,2026-04-21,06,09
19248,1776771600,2026-04-21,06,40
19363,1776778500,2026-04-21,08,35
19405,1776781020,2026-04-21,09,17
19453,1776783900,2026-04-21,10,05
19468,1776784800,2026-04-21,10,20
19588,1776792000,2026-04-21,12,20
19611,1776793380,2026-04-21,12,43
19732,1776800640,2026-04-21,14,44
19760,1776802320,2026-04-21,15,12
19795,1776804420,2026-04-21,15,47
19822,1776809640,2026-04-21,17,14
19866,1776812280,2026-04-21,17,58
19959,1776817860,2026-04-21,19,31
19979,1776819060,2026-04-21,19,51
20077,1776824940,2026-04-21,21,29
20128,1776828000,2026-04-21,22,20
20140,1776828720,2026-04-21,22,32
20228,1776834000,2026-04-22,00,00
20253,1776835500,2026-04-22,00,25
20305,1776838620,2026-04-22,01,17
20392,1776843840,2026-04-22,02,44
20448,1776847200,2026-04-22,03,40
20514,1776851160,2026-04-22,04,46
20541,1776852780,2026-04-22,05,13
20564,1776854160,2026-04-22,05,36
20631,1776858180,2026-04-22,06,43
20662,1776860040,2026-04-22,07,14
20759,1776865860,2026-04-22,08,51
20852,1776871440,2026-04-22,10,24
20946,1776877080,2026-04-22,11,58
20971,1776878580,2026-04-22,12,23
21069,1776884460,2026-04-22,14,01
21136,1776888480,2026-04-22,15,08
21188,1776895200,2026-04-22,17,00
21272,1776900240,2026-04-22,18,24
21325,1776903420,2026-04-22,19,17
21338,1776904200,2026-04-22,19,30
21528,1776915600,2026-04-22,22,40
21611,1776920580,2026-04-23,00,03
21648,1776922800,2026-04-23,00,40
21696,1776925680,2026-04-23,01,28
21766,1776929880,2026-04-23,02,38
21777,1776930540,2026-04-23,02,49
21856,1776935280,2026-04-23,04,08
21879,1776936660,2026-04-23,04,31
21921,1776939180,2026-04-23,05,13
21978,1776942600,2026-04-23,06,10
22002,1776944040,2026-04-23,06,34
22039,1776946260,2026-04-23,07,11
22074,1776948360,2026-04-23,07,46
22136,1776952080,2026-04-23,08,48
22150,1776952920,2026-04-23,09,02
22241,1776958380,2026-04-23,10,33
22273,1776960300,2026-04-23,11,05
22304,1776962160,2026-04-23,11,36
22374,1776966360,2026-04-23,12,46
22424,1776969360,2026-04-23,13,36
22498,1776973800,2026-04-23,14,50
22513,1776974700,2026-04-23,15,05
22525,1776975420,2026-04-23,15,17
22718,1776990600,2026-04-23,19,30
22953,1777004700,2026-04-23,23,25
23052,1777010640,2026-04-24,01,04
23098,1777013400,2026-04-24,01,50
23135,1777015620,2026-04-24,02,27
23172,1777017840,2026-04-24,03,04
23189,1777018860,2026-04-24,03,21
23250,1777022520,2026-04-24,04,22
23378,1777030200,2026-04-24,06,30
23524,1777038960,2026-04-24,08,56
23685,1777048620,2026-04-24,11,37
23731,1777051380,2026-04-24,12,23
23762,1777053240,2026-04-24,12,54
23791,1777054980,2026-04-24,13,23
23845,1777058220,2026-04-24,14,17
23864,1777059360,2026-04-24,14,36
23947,1777064340,2026-04-24,15,59
23954,1777241160,2026-04-26,17,06
24007,1777244340,2026-04-26,17,59
24039,1777246260,2026-04-26,18,31
24188,1777255200,2026-04-26,21,00
24208,1777256400,2026-04-26,21,20
24248,1777258800,2026-04-26,22,00
24259,1777259460,2026-04-26,22,11
24287,1777261140,2026-04-26,22,39
24312,1777262640,2026-04-26,23,04
24347,1777264740,2026-04-26,23,39
24563,1777277700,2026-04-27,03,15
24663,1777283700,2026-04-27,04,55
24681,1777284780,2026-04-27,05,13
24760,1777289520,2026-04-27,06,32
24900,1777297920,2026-04-27,08,52
24907,1777298340,2026-04-27,08,59
24990,1777303320,2026-04-27,10,22
25138,1777312200,2026-04-27,12,50
25214,1777316760,2026-04-27,14,06
25258,1777319400,2026-04-27,14,50
25291,1777321380,2026-04-27,15,23
25346,1777328280,2026-04-27,17,18
25397,1777331340,2026-04-27,18,09
25459,1777335060,2026-04-27,19,11
25517,1777338540,2026-04-27,20,09
25549,1777340460,2026-04-27,20,41
25626,1777345080,2026-04-27,21,58
25658,1777347000,2026-04-27,22,30
25693,1777349100,2026-04-27,23,05
25734,1777351560,2026-04-27,23,46
25786,1777354680,2026-04-28,00,38
25789,1777354860,2026-04-28,00,41
25871,1777359780,2026-04-28,02,03
25911,1777362180,2026-04-28,02,43
25936,1777363680,2026-04-28,03,08
25957,1777364940,2026-04-28,03,29
26199,1777379460,2026-04-28,07,31
26257,1777382940,2026-04-28,08,29
26259,1777383060,2026-04-28,08,31
26277,1777384140,2026-04-28,08,49
26397,1777391340,2026-04-28,10,49
26599,1777403460,2026-04-28,14,11
26649,1777406460,2026-04-28,15,01
26711,1777413780,2026-04-28,17,03
26712,1777413840,2026-04-28,17,04
26712,1777413840,2026-04-28,17,04
26733,1777415100,2026-04-28,17,25
26858,1777422600,2026-04-28,19,30
26896,1777424880,2026-04-28,20,08
27018,1777432200,2026-04-28,22,10
27060,1777434720,2026-04-28,22,52
27105,1777437420,2026-04-28,23,37
27153,1777440300,2026-04-29,00,25
27193,1777442700,2026-04-29,01,05
27324,1777450560,2026-04-29,03,16
27386,1777454280,2026-04-29,04,18
27387,1777454340,2026-04-29,04,19
27387,1777454340,2026-04-29,04,19
27429,1777456860,2026-04-29,05,01
27460,1777458720,2026-04-29,05,32
27483,1777460100,2026-04-29,05,55
27526,1777462680,2026-04-29,06,38
27582,1777466040,2026-04-29,07,34
27610,1777467720,2026-04-29,08,02
27643,1777469700,2026-04-29,08,35
27705,1777473420,2026-04-29,09,37
27822,1777480440,2026-04-29,11,34
27908,1777485600,2026-04-29,13,00
27918,1777486200,2026-04-29,13,10
28031,1777492980,2026-04-29,15,03
28046,1777493880,2026-04-29,15,18
28107,1777501140,2026-04-29,17,19
28168,1777504800,2026-04-29,18,20
28247,1777509540,2026-04-29,19,39
28359,1777516260,2026-04-29,21,31
28365,1777516620,2026-04-29,21,37
28507,1777525140,2026-04-29,23,59
28523,1777526100,2026-04-30,00,15
28579,1777529460,2026-04-30,01,11
28693,1777536300,2026-04-30,03,05
28709,1777537260,2026-04-30,03,21
28728,1777538400,2026-04-30,03,40
28768,1777540800,2026-04-30,04,20
28769,1777540860,2026-04-30,04,21
28769,1777540860,2026-04-30,04,21
28779,1777541460,2026-04-30,04,31
28860,1777546320,2026-04-30,05,52
28958,1777552200,2026-04-30,07,30
29065,1777558620,2026-04-30,09,17
29139,1777563060,2026-04-30,10,31
29155,1777564020,2026-04-30,10,47
29183,1777565700,2026-04-30,11,15
29225,1777568220,2026-04-30,11,57
29326,1777574280,2026-04-30,13,38
29348,1777575600,2026-04-30,14,00
29398,1777578600,2026-04-30,14,50
29409,1777579260,2026-04-30,15,01
29476,1777586880,2026-04-30,17,08
29525,1777589820,2026-04-30,17,57
29679,1777599060,2026-04-30,20,31
29754,1777603560,2026-04-30,21,46
29799,1777606260,2026-04-30,22,31
29889,1777611660,2026-05-01,00,01
29894,1777611960,2026-05-01,00,06
30004,1777618560,2026-05-01,01,56
30029,1777620060,2026-05-01,02,21
30132,1777626240,2026-05-01,04,04
30133,1777626300,2026-05-01,04,05
30133,1777626300,2026-05-01,04,05
30208,1777630800,2026-05-01,05,20
30228,1777632000,2026-05-01,05,40
30248,1777633200,2026-05-01,06,00
30290,1777635720,2026-05-01,06,42
30332,1777638240,2026-05-01,07,24
30354,1777639560,2026-05-01,07,46
30441,1777644780,2026-05-01,09,13
30465,1777646220,2026-05-01,09,37
30538,1777650600,2026-05-01,10,50
30595,1777654020,2026-05-01,11,47
30661,1777657980,2026-05-01,12,53
30714,1777661160,2026-05-01,13,46
30758,1777663800,2026-05-01,14,30
30845,1777669020,2026-05-01,15,57
30848,1777845600,2026-05-03,17,00
30969,1777852860,2026-05-03,19,01
31088,1777860000,2026-05-03,21,00
31117,1777861740,2026-05-03,21,29
31157,1777864140,2026-05-03,22,09
31204,1777866960,2026-05-03,22,56
31243,1777869300,2026-05-03,23,35
31272,1777871040,2026-05-04,00,04
31287,1777871940,2026-05-04,00,19
31371,1777876980,2026-05-04,01,43
31434,1777880760,2026-05-04,02,46
31454,1777881960,2026-05-04,03,06
31563,1777888500,2026-05-04,04,55
31589,1777890060,2026-05-04,05,21
31600,1777890720,2026-05-04,05,32
31667,1777894740,2026-05-04,06,39
31706,1777897080,2026-05-04,07,18
31748,1777899600,2026-05-04,08,00
31854,1777905960,2026-05-04,09,46
31936,1777910880,2026-05-04,11,08
32054,1777917960,2026-05-04,13,06
32093,1777920300,2026-05-04,13,45
32094,1777920360,2026-05-04,13,46
32094,1777920360,2026-05-04,13,46
32158,1777924200,2026-05-04,14,50
32189,1777926060,2026-05-04,15,21
32229,1777932060,2026-05-04,17,01
32281,1777935180,2026-05-04,17,53
32301,1777936380,2026-05-04,18,13
32339,1777938660,2026-05-04,18,51
32445,1777945020,2026-05-04,20,37
32517,1777949340,2026-05-04,21,49
32592,1777953840,2026-05-04,23,04
32648,1777957200,2026-05-05,00,00
32709,1777960860,2026-05-05,01,01
32732,1777962240,2026-05-05,01,24
32810,1777966920,2026-05-05,02,42
32824,1777967760,2026-05-05,02,56
32873,1777970700,2026-05-05,03,45
32894,1777971960,2026-05-05,04,06
32982,1777977240,2026-05-05,05,34
33026,1777979880,2026-05-05,06,18
33027,1777979940,2026-05-05,06,19
33027,1777979940,2026-05-05,06,19
33083,1777983300,2026-05-05,07,15
33116,1777985280,2026-05-05,07,48
33224,1777991760,2026-05-05,09,36
33235,1777992420,2026-05-05,09,47
33322,1777997640,2026-05-05,11,14
33336,1777998480,2026-05-05,11,28
33442,1778004840,2026-05-05,13,14
33481,1778007180,2026-05-05,13,53
33499,1778008260,2026-05-05,14,11
33543,1778010900,2026-05-05,14,55
33660,1778021520,2026-05-05,17,52
33757,1778027340,2026-05-05,19,29
33809,1778030460,2026-05-05,20,21
33890,1778035320,2026-05-05,21,42
33945,1778038620,2026-05-05,22,37
33958,1778039400,2026-05-05,22,50
34089,1778047260,2026-05-06,01,01
34130,1778049720,2026-05-06,01,42
34157,1778051340,2026-05-06,02,09
34168,1778052000,2026-05-06,02,20
34264,1778057760,2026-05-06,03,56
34273,1778058300,2026-05-06,04,05
34398,1778065800,2026-05-06,06,10
34538,1778074200,2026-05-06,08,30
34702,1778084040,2026-05-06,11,14
34746,1778086680,2026-05-06,11,58
34942,1778098440,2026-05-06,15,14
34988,1778104800,2026-05-06,17,00
34990,1778104920,2026-05-06,17,02
35018,1778106600,2026-05-06,17,30
35109,1778112060,2026-05-06,19,01
35151,1778114580,2026-05-06,19,43
35219,1778118660,2026-05-06,20,51
35242,1778120040,2026-05-06,21,14
35412,1778130240,2026-05-07,00,04
35417,1778130540,2026-05-07,00,09
35469,1778133660,2026-05-07,01,01
35483,1778134500,2026-05-07,01,15
35593,1778141100,2026-05-07,03,05
35654,1778144760,2026-05-07,04,06
35697,1778147340,2026-05-07,04,49
35719,1778148660,2026-05-07,05,11
35768,1778151600,2026-05-07,06,00
35798,1778153400,2026-05-07,06,30
35928,1778161200,2026-05-07,08,40
35934,1778161560,2026-05-07,08,46
36003,1778165700,2026-05-07,09,55
36083,1778170500,2026-05-07,11,15
36102,1778171640,2026-05-07,11,34
36155,1778174820,2026-05-07,12,27
36195,1778177220,2026-05-07,13,07
36238,1778179800,2026-05-07,13,50
36312,1778184240,2026-05-07,15,04
36368,1778191200,2026-05-07,17,00
36389,1778192460,2026-05-07,17,21
36426,1778194680,2026-05-07,17,58
36570,1778203320,2026-05-07,20,22
36644,1778207760,2026-05-07,21,36
36657,1778208540,2026-05-07,21,49
36688,1778210400,2026-05-07,22,20
36738,1778213400,2026-05-07,23,10
36770,1778215320,2026-05-07,23,42
36818,1778218200,2026-05-08,00,30
36848,1778220000,2026-05-08,01,00
36907,1778223540,2026-05-08,01,59
36922,1778224440,2026-05-08,02,14
37056,1778232480,2026-05-08,04,28
37081,1778233980,2026-05-08,04,53
37129,1778236860,2026-05-08,05,41
37143,1778237700,2026-05-08,05,55
37251,1778244180,2026-05-08,07,43
37298,1778247000,2026-05-08,08,30
37544,1778261760,2026-05-08,12,36
37560,1778262720,2026-05-08,12,52
37568,1778263200,2026-05-08,13,00
37623,1778266500,2026-05-08,13,55
37626,1778266680,2026-05-08,13,58
37627,1778266740,2026-05-08,13,59
37689,1778270460,2026-05-08,15,01
37765,1778451420,2026-05-10,17,17
37904,1778459760,2026-05-10,19,36
37933,1778461500,2026-05-10,20,05
38018,1778466600,2026-05-10,21,30
38056,1778468880,2026-05-10,22,08
38078,1778470200,2026-05-10,22,30
38121,1778472780,2026-05-10,23,13
38191,1778476980,2026-05-11,00,23
38213,1778478300,2026-05-11,00,45
38255,1778480820,2026-05-11,01,27
38306,1778483880,2026-05-11,02,18
38353,1778486700,2026-05-11,03,05
38383,1778488500,2026-05-11,03,35
38456,1778492880,2026-05-11,04,48
38515,1778496420,2026-05-11,05,47
38559,1778499060,2026-05-11,06,31
38635,1778503620,2026-05-11,07,47
38682,1778506440,2026-05-11,08,34
38739,1778509860,2026-05-11,09,31
38740,1778509920,2026-05-11,09,32
38740,1778509920,2026-05-11,09,32
38838,1778515800,2026-05-11,11,10
38870,1778517720,2026-05-11,11,42
38934,1778521560,2026-05-11,12,46
39079,1778530260,2026-05-11,15,11
39174,1778539560,2026-05-11,17,46
39271,1778545380,2026-05-11,19,23
39282,1778546040,2026-05-11,19,34
39349,1778550060,2026-05-11,20,41
39421,1778554380,2026-05-11,21,53
39678,1778569800,2026-05-12,02,10
39705,1778571420,2026-05-12,02,37
39743,1778573700,2026-05-12,03,15
39767,1778575140,2026-05-12,03,39
39797,1778576940,2026-05-12,04,09
39859,1778580660,2026-05-12,05,11
40000,1778589120,2026-05-12,07,32
40073,1778593500,2026-05-12,08,45
40262,1778604840,2026-05-12,11,54
40441,1778615580,2026-05-12,14,53
40459,1778616660,2026-05-12,15,11
40528,1778624400,2026-05-12,17,20
40630,1778630520,2026-05-12,19,02
40739,1778637060,2026-05-12,20,51
40756,1778638080,2026-05-12,21,08
40778,1778639400,2026-05-12,21,30
40822,1778642040,2026-05-12,22,14
40940,1778649120,2026-05-13,00,12
40948,1778649600,2026-05-13,00,20
41007,1778653140,2026-05-13,01,19
41059,1778656260,2026-05-13,02,11
41130,1778660520,2026-05-13,03,22
41131,1778660580,2026-05-13,03,23
41131,1778660580,2026-05-13,03,23
41142,1778661240,2026-05-13,03,34
41148,1778661600,2026-05-13,03,40
41189,1778664060,2026-05-13,04,21
41226,1778666280,2026-05-13,04,58
41315,1778671620,2026-05-13,06,27
41352,1778673840,2026-05-13,07,04
41388,1778676000,2026-05-13,07,40
41434,1778678760,2026-05-13,08,26
41456,1778680080,2026-05-13,08,48
41663,1778692500,2026-05-13,12,15
41708,1778695200,2026-05-13,13,00
41728,1778696400,2026-05-13,13,20
41767,1778698740,2026-05-13,13,59
41786,1778699880,2026-05-13,14,18
41832,1778702640,2026-05-13,15,04
41962,1778714040,2026-05-13,18,14
42011,1778716980,2026-05-13,19,03
42067,1778720340,2026-05-13,19,59
42253,1778731500,2026-05-13,23,05
42297,1778734140,2026-05-13,23,49
42327,1778735940,2026-05-14,00,19
42391,1778739780,2026-05-14,01,23
42587,1778751540,2026-05-14,04,39
42620,1778753520,2026-05-14,05,12
42651,1778755380,2026-05-14,05,43
42680,1778757120,2026-05-14,06,12
42694,1778757960,2026-05-14,06,26
42753,1778761500,2026-05-14,07,25
42800,1778764320,2026-05-14,08,12
42980,1778775120,2026-05-14,11,12
42987,1778775540,2026-05-14,11,19
42989,1778775660,2026-05-14,11,21
43054,1778779560,2026-05-14,12,26
43084,1778781360,2026-05-14,12,56
43092,1778781840,2026-05-14,13,04
43212,1778789040,2026-05-14,15,04
43248,1778791200,2026-05-14,15,40
43366,1778801880,2026-05-14,18,38
43525,1778811420,2026-05-14,21,17
43559,1778813460,2026-05-14,21,51
43748,1778824800,2026-05-15,01,00
43829,1778829660,2026-05-15,02,21
43898,1778833800,2026-05-15,03,30
43913,1778834700,2026-05-15,03,45
43979,1778838660,2026-05-15,04,51
44039,1778842260,2026-05-15,05,51
44156,1778849280,2026-05-15,07,48
44198,1778851800,2026-05-15,08,30
44215,1778852820,2026-05-15,08,47
44251,1778854980,2026-05-15,09,23
44295,1778857620,2026-05-15,10,07
44324,1778859360,2026-05-15,10,36
44343,1778860500,2026-05-15,10,55
44476,1778868480,2026-05-15,13,08
44648,1779055200,2026-05-17,17,00
44655,1779055620,2026-05-17,17,07
44778,1779063000,2026-05-17,19,10
44828,1779066000,2026-05-17,20,00
44866,1779068280,2026-05-17,20,38
44917,1779071340,2026-05-17,21,29
44940,1779072720,2026-05-17,21,52
45024,1779077760,2026-05-17,23,16
45038,1779078600,2026-05-17,23,30
45078,1779081000,2026-05-18,00,10
45159,1779085860,2026-05-18,01,31
45308,1779094800,2026-05-18,04,00
45438,1779102600,2026-05-18,06,10
45470,1779104520,2026-05-18,06,42
45486,1779105480,2026-05-18,06,58
45547,1779109140,2026-05-18,07,59
45644,1779114960,2026-05-18,09,36
45669,1779116460,2026-05-18,10,01
45698,1779118200,2026-05-18,10,30
45749,1779121260,2026-05-18,11,21
45758,1779121800,2026-05-18,11,30
45784,1779123360,2026-05-18,11,56
45898,1779130200,2026-05-18,13,50
45961,1779133980,2026-05-18,14,53
45973,1779134700,2026-05-18,15,05
46091,1779145380,2026-05-18,18,03
46154,1779149160,2026-05-18,19,06
46169,1779150060,2026-05-18,19,21
46278,1779156600,2026-05-18,21,10
46358,1779161400,2026-05-18,22,30
46415,1779164820,2026-05-18,23,27
46448,1779166800,2026-05-19,00,00
46472,1779168240,2026-05-19,00,24
46616,1779176880,2026-05-19,02,48
46732,1779183840,2026-05-19,04,44
46782,1779186840,2026-05-19,05,34
46792,1779187440,2026-05-19,05,44
46793,1779187500,2026-05-19,05,45
46794,1779187560,2026-05-19,05,46
46811,1779188580,2026-05-19,06,03
46869,1779192060,2026-05-19,07,01
46905,1779194220,2026-05-19,07,37
46955,1779197220,2026-05-19,08,27
46965,1779197820,2026-05-19,08,37
47010,1779200520,2026-05-19,09,22
47191,1779211380,2026-05-19,12,23
47343,1779220500,2026-05-19,14,55
47418,1779228600,2026-05-19,17,10
47436,1779229680,2026-05-19,17,28
47502,1779233640,2026-05-19,18,34
47545,1779236220,2026-05-19,19,17
47608,1779240000,2026-05-19,20,20
47624,1779240960,2026-05-19,20,36
47672,1779243840,2026-05-19,21,24
47722,1779246840,2026-05-19,22,14
47784,1779250560,2026-05-19,23,16
47823,1779252900,2026-05-19,23,55
47973,1779261900,2026-05-20,02,25
48001,1779263580,2026-05-20,02,53
48054,1779266760,2026-05-20,03,46
48084,1779268560,2026-05-20,04,16
48085,1779268620,2026-05-20,04,17
48085,1779268620,2026-05-20,04,17
48164,1779273360,2026-05-20,05,36
48237,1779277740,2026-05-20,06,49
48282,1779280440,2026-05-20,07,34
48381,1779286380,2026-05-20,09,13
48444,1779290160,2026-05-20,10,16
48513,1779294300,2026-05-20,11,25
48584,1779298560,2026-05-20,12,36
48608,1779300000,2026-05-20,13,00
48728,1779307200,2026-05-20,15,00
48798,1779315000,2026-05-20,17,10
48860,1779318720,2026-05-20,18,12
48875,1779319620,2026-05-20,18,27
49046,1779329880,2026-05-20,21,18
49074,1779331560,2026-05-20,21,46
49215,1779340020,2026-05-21,00,07
49257,1779342540,2026-05-21,00,49
49274,1779343560,2026-05-21,01,06
49341,1779347580,2026-05-21,02,13
49404,1779351360,2026-05-21,03,16
49440,1779353520,2026-05-21,03,52
49477,1779355740,2026-05-21,04,29
49560,1779360720,2026-05-21,05,52
49589,1779362460,2026-05-21,06,21
49655,1779366420,2026-05-21,07,27
49661,1779366780,2026-05-21,07,33
49719,1779370260,2026-05-21,08,31
49750,1779372120,2026-05-21,09,02
49769,1779373260,2026-05-21,09,21
49877,1779379740,2026-05-21,11,09
49918,1779382200,2026-05-21,11,50
49983,1779386100,2026-05-21,12,55
50044,1779389760,2026-05-21,13,56
50115,1779394020,2026-05-21,15,07
50130,1779394920,2026-05-21,15,22
50279,1779407460,2026-05-21,18,51
50288,1779408000,2026-05-21,19,00
50320,1779409920,2026-05-21,19,32
50389,1779414060,2026-05-21,20,41
50598,1779426600,2026-05-22,00,10
50649,1779429660,2026-05-22,01,01
50687,1779431940,2026-05-22,01,39
50710,1779433320,2026-05-22,02,02
50789,1779438060,2026-05-22,03,21
50859,1779442260,2026-05-22,04,31
50882,1779443640,2026-05-22,04,54
50920,1779445920,2026-05-22,05,32
51108,1779457200,2026-05-22,08,40
51152,1779459840,2026-05-22,09,24
51219,1779463860,2026-05-22,10,31
51287,1779467940,2026-05-22,11,39
51338,1779471000,2026-05-22,12,30
51519,1779481860,2026-05-22,15,31
51764,1779672960,2026-05-24,20,36
51829,1779676860,2026-05-24,21,41
51856,1779678480,2026-05-24,22,08
51874,1779679560,2026-05-24,22,26
51985,1779686220,2026-05-25,00,17
52048,1779690000,2026-05-25,01,20
52049,1779690060,2026-05-25,01,21
52049,1779690060,2026-05-25,01,21
52084,1779692160,2026-05-25,01,56
52108,1779693600,2026-05-25,02,20
52121,1779694380,2026-05-25,02,33
52176,1779697680,2026-05-25,03,28
52214,1779699960,2026-05-25,04,06
52217,1779700140,2026-05-25,04,09
52219,1779700260,2026-05-25,04,11
52271,1779703380,2026-05-25,05,03
52411,1779711780,2026-05-25,07,23
52433,1779713100,2026-05-25,07,45
52503,1779717300,2026-05-25,08,55
52505,1779717420,2026-05-25,08,57
52506,1779717480,2026-05-25,08,58
52507,1779717540,2026-05-25,08,59
52507,1779717540,2026-05-25,08,59
52508,1779717600,2026-05-25,09,00
52508,1779717600,2026-05-25,09,00
52509,1779717660,2026-05-25,09,01
52509,1779717660,2026-05-25,09,01
52551,1779720180,2026-05-25,09,43
52552,1779720240,2026-05-25,09,44
52553,1779720300,2026-05-25,09,45
52579,1779721860,2026-05-25,10,11
52629,1779724860,2026-05-25,11,01
52688,1779746400,2026-05-25,17,00
52817,1779754140,2026-05-25,19,09
52842,1779755640,2026-05-25,19,34
52908,1779759600,2026-05-25,20,40
52944,1779761760,2026-05-25,21,16
52953,1779762300,2026-05-25,21,25
53064,1779768960,2026-05-25,23,16
53067,1779769140,2026-05-25,23,19
53070,1779769320,2026-05-25,23,22
53112,1779771840,2026-05-26,00,04
53193,1779776700,2026-05-26,01,25
53194,1779776760,2026-05-26,01,26
53194,1779776760,2026-05-26,01,26
53261,1779780780,2026-05-26,02,33
53438,1779791400,2026-05-26,05,30
53504,1779795360,2026-05-26,06,36
53618,1779802200,2026-05-26,08,30
53623,1779802500,2026-05-26,08,35
53685,1779806220,2026-05-26,09,37
53764,1779810960,2026-05-26,10,56
53803,1779813300,2026-05-26,11,35
53816,1779814080,2026-05-26,11,48
53922,1779820440,2026-05-26,13,34
53948,1779822000,2026-05-26,14,00
54002,1779825240,2026-05-26,14,54
54059,1779828660,2026-05-26,15,51
54068,1779832800,2026-05-26,17,00
54116,1779835680,2026-05-26,17,48
54265,1779844620,2026-05-26,20,17
54305,1779847020,2026-05-26,20,57
54360,1779850320,2026-05-26,21,52
54459,1779856260,2026-05-26,23,31
54479,1779857460,2026-05-26,23,51
54521,1779859980,2026-05-27,00,33
54549,1779861660,2026-05-27,01,01
54587,1779863940,2026-05-27,01,39
54698,1779870600,2026-05-27,03,30
54737,1779872940,2026-05-27,04,09
54931,1779884580,2026-05-27,07,23
55061,1779892380,2026-05-27,09,33
55069,1779892860,2026-05-27,09,41
55137,1779896940,2026-05-27,10,49
55198,1779900600,2026-05-27,11,50
55217,1779901740,2026-05-27,12,09
55334,1779908760,2026-05-27,14,06
55356,1779910080,2026-05-27,14,28
55450,1779919320,2026-05-27,17,02
55478,1779921000,2026-05-27,17,30
55525,1779923820,2026-05-27,18,17
55568,1779926400,2026-05-27,19,00
55626,1779929880,2026-05-27,19,58
55674,1779932760,2026-05-27,20,46
55688,1779933600,2026-05-27,21,00
55829,1779942060,2026-05-27,23,21
55949,1779949260,2026-05-28,01,21
55980,1779951120,2026-05-28,01,52
55996,1779952080,2026-05-28,02,08
56036,1779954480,2026-05-28,02,48
56111,1779958980,2026-05-28,04,03
56219,1779965460,2026-05-28,05,51
56379,1779975060,2026-05-28,08,31
56398,1779976200,2026-05-28,08,50
56591,1779987780,2026-05-28,12,03
56624,1779989760,2026-05-28,12,36
56640,1779990720,2026-05-28,12,52
56725,1779995820,2026-05-28,14,17
56833,1780005900,2026-05-28,17,05
56852,1780007040,2026-05-28,17,24
56907,1780010340,2026-05-28,18,19
57011,1780016580,2026-05-28,20,03
57080,1780020720,2026-05-28,21,12
57095,1780021620,2026-05-28,21,27
57261,1780031580,2026-05-29,00,13
57286,1780033080,2026-05-29,00,38
57367,1780037940,2026-05-29,01,59
57404,1780040160,2026-05-29,02,36
57508,1780046400,2026-05-29,04,20
57553,1780049100,2026-05-29,05,05
57554,1780049160,2026-05-29,05,06
57557,1780049340,2026-05-29,05,09
57625,1780053420,2026-05-29,06,17
57701,1780057980,2026-05-29,07,33
57788,1780063200,2026-05-29,09,00
57833,1780065900,2026-05-29,09,45
57864,1780067760,2026-05-29,10,16
57905,1780070220,2026-05-29,10,57
57918,1780071000,2026-05-29,11,10
57921,1780071180,2026-05-29,11,13
57924,1780071360,2026-05-29,11,16
58028,1780077600,2026-05-29,13,00
58062,1780079640,2026-05-29,13,34
58089,1780081260,2026-05-29,14,01
58138,1780084200,2026-05-29,14,50
58211,1780264980,2026-05-31,17,03
58383,1780275300,2026-05-31,19,55
58389,1780275660,2026-05-31,20,01
58472,1780280640,2026-05-31,21,24
58526,1780283880,2026-05-31,22,18
58540,1780284720,2026-05-31,22,32
58562,1780286040,2026-05-31,22,54
58612,1780289040,2026-05-31,23,44
58657,1780291740,2026-06-01,00,29
58679,1780293060,2026-06-01,00,51
58717,1780295340,2026-06-01,01,29
58753,1780297500,2026-06-01,02,05
58839,1780302660,2026-06-01,03,31
58872,1780304640,2026-06-01,04,04
58935,1780308420,2026-06-01,05,07
58970,1780310520,2026-06-01,05,42
58974,1780310760,2026-06-01,05,46
58978,1780311000,2026-06-01,05,50
59066,1780316280,2026-06-01,07,18
59093,1780317900,2026-06-01,07,45
59135,1780320420,2026-06-01,08,27
59155,1780321620,2026-06-01,08,47
59171,1780322580,2026-06-01,09,03
59263,1780328100,2026-06-01,10,35
59306,1780330680,2026-06-01,11,18
59391,1780335780,2026-06-01,12,43
59643,1780354500,2026-06-01,17,55
59687,1780357140,2026-06-01,18,39
59838,1780366200,2026-06-01,21,10
59868,1780368000,2026-06-01,21,40
59908,1780370400,2026-06-01,22,20
60202,1780388040,2026-06-02,03,14
60252,1780391040,2026-06-02,04,04
60298,1780393800,2026-06-02,04,50
60372,1780398240,2026-06-02,06,04
60402,1780400040,2026-06-02,06,34
60529,1780407660,2026-06-02,08,41
60675,1780416420,2026-06-02,11,07
60766,1780421880,2026-06-02,12,38
60800,1780423920,2026-06-02,13,12
60828,1780425600,2026-06-02,13,40
60913,1780430700,2026-06-02,15,05
60969,1780437660,2026-06-02,17,01
61000,1780439520,2026-06-02,17,32
61053,1780442700,2026-06-02,18,25
61139,1780447860,2026-06-02,19,51
61194,1780451160,2026-06-02,20,46
61195,1780451220,2026-06-02,20,47
61195,1780451220,2026-06-02,20,47
61363,1780461300,2026-06-02,23,35
61388,1780462800,2026-06-03,00,00
61414,1780464360,2026-06-03,00,26
61460,1780467120,2026-06-03,01,12
61519,1780470660,2026-06-03,02,11
61550,1780472520,2026-06-03,02,42
61581,1780474380,2026-06-03,03,13
61590,1780474920,2026-06-03,03,22
61657,1780478940,2026-06-03,04,29
61692,1780481040,2026-06-03,05,04
61696,1780481280,2026-06-03,05,08
61709,1780482060,2026-06-03,05,21
61812,1780488240,2026-06-03,07,04
61863,1780491300,2026-06-03,07,55
61900,1780493520,2026-06-03,08,32
61918,1780494600,2026-06-03,08,50
61971,1780497780,2026-06-03,09,43
62090,1780504920,2026-06-03,11,42
62091,1780504980,2026-06-03,11,43
62091,1780504980,2026-06-03,11,43
62200,1780511520,2026-06-03,13,32
62255,1780514820,2026-06-03,14,27
62276,1780516080,2026-06-03,14,48
62399,1780527060,2026-06-03,17,51
62405,1780527420,2026-06-03,17,57
62455,1780530420,2026-06-03,18,47
62540,1780535520,2026-06-03,20,12
62604,1780539360,2026-06-03,21,16
62753,1780548300,2026-06-03,23,45
62781,1780549980,2026-06-04,00,13
62893,1780556700,2026-06-04,02,05
63026,1780564680,2026-06-04,04,18
63063,1780566900,2026-06-04,04,55
63123,1780570500,2026-06-04,05,55
63159,1780572660,2026-06-04,06,31
63166,1780573080,2026-06-04,06,38
63285,1780580220,2026-06-04,08,37
63315,1780582020,2026-06-04,09,07
63385,1780586220,2026-06-04,10,17
63419,1780588260,2026-06-04,10,51
63560,1780596720,2026-06-04,13,12
63626,1780600680,2026-06-04,14,18
63638,1780601400,2026-06-04,14,30
63753,1780611900,2026-06-04,17,25
63788,1780614000,2026-06-04,18,00
63934,1780622760,2026-06-04,20,26
64004,1780626960,2026-06-04,21,36
64082,1780631640,2026-06-04,22,54
64144,1780635360,2026-06-04,23,56
64288,1780644000,2026-06-05,02,20
64402,1780650840,2026-06-05,04,14
64424,1780652160,2026-06-05,04,36
64481,1780655580,2026-06-05,05,33
64689,1780668060,2026-06-05,09,01
64708,1780669200,2026-06-05,09,20
64888,1780680000,2026-06-05,12,20
64908,1780681200,2026-06-05,12,40
65096,1780692480,2026-06-05,15,48
65128,1780870800,2026-06-07,17,20
65164,1780872960,2026-06-07,17,56
65268,1780879200,2026-06-07,19,40
65318,1780882200,2026-06-07,20,30
65396,1780886880,2026-06-07,21,48
65577,1780897740,2026-06-08,00,49
65699,1780905060,2026-06-08,02,51
65778,1780909800,2026-06-08,04,10
65804,1780911360,2026-06-08,04,36
65807,1780911540,2026-06-08,04,39
66030,1780924920,2026-06-08,08,22
66068,1780927200,2026-06-08,09,00
66148,1780932000,2026-06-08,10,20
66260,1780938720,2026-06-08,12,12
66278,1780939800,2026-06-08,12,30
66292,1780940640,2026-06-08,12,44
66341,1780943580,2026-06-08,13,33
66394,1780946760,2026-06-08,14,26
66400,1780947120,2026-06-08,14,32
66449,1780950060,2026-06-08,15,21
66488,1780956000,2026-06-08,17,00
66503,1780956900,2026-06-08,17,15
66588,1780962000,2026-06-08,18,40
66664,1780966560,2026-06-08,19,56
66716,1780969680,2026-06-08,20,48
66754,1780971960,2026-06-08,21,26
66890,1780980120,2026-06-08,23,42
66937,1780982940,2026-06-09,00,29
67036,1780988880,2026-06-09,02,08
67089,1780992060,2026-06-09,03,01
67213,1780999500,2026-06-09,05,05
67214,1780999560,2026-06-09,05,06
67312,1781005440,2026-06-09,06,44
67353,1781007900,2026-06-09,07,25
67438,1781013000,2026-06-09,08,50
67608,1781023200,2026-06-09,11,40
67753,1781031900,2026-06-09,14,05
67768,1781032800,2026-06-09,14,20
67812,1781035440,2026-06-09,15,04
67916,1781045280,2026-06-09,17,48
67936,1781046480,2026-06-09,18,08
67965,1781048220,2026-06-09,18,37
67994,1781049960,2026-06-09,19,06
68032,1781052240,2026-06-09,19,44
68064,1781054160,2026-06-09,20,16
68164,1781060160,2026-06-09,21,56
68184,1781061360,2026-06-09,22,16
68310,1781068920,2026-06-10,00,22
68311,1781068980,2026-06-10,00,23
68311,1781068980,2026-06-10,00,23
68386,1781073480,2026-06-10,01,38
68531,1781082900,2026-06-10,04,15
68554,1781084280,2026-06-10,04,38
68597,1781086860,2026-06-10,05,21
68638,1781089320,2026-06-10,06,02
68676,1781091600,2026-06-10,06,40
68730,1781094840,2026-06-10,07,34
68791,1781098500,2026-06-10,08,35
68851,1781102100,2026-06-10,09,35
68928,1781106720,2026-06-10,10,52
68936,1781107200,2026-06-10,11,00
69041,1781113500,2026-06-10,12,45
69060,1781114640,2026-06-10,13,04
69315,1781133540,2026-06-10,18,19
69444,1781141280,2026-06-10,20,28
69510,1781145240,2026-06-10,21,34
69640,1781153040,2026-06-10,23,44
69722,1781157960,2026-06-11,01,06
69873,1781167020,2026-06-11,03,37
69928,1781170320,2026-06-11,04,32
69963,1781172420,2026-06-11,05,07
70025,1781176140,2026-06-11,06,09
70078,1781179320,2026-06-11,07,02
70110,1781181240,2026-06-11,07,34
70134,1781182680,2026-06-11,07,58
70176,1781185200,2026-06-11,08,40
70200,1781186640,2026-06-11,09,04
70257,1781190060,2026-06-11,10,01
70331,1781194500,2026-06-11,11,15
70396,1781198400,2026-06-11,12,20
70420,1781199840,2026-06-11,12,44
70442,1781201160,2026-06-11,13,06
70531,1781206500,2026-06-11,14,35
70547,1781207460,2026-06-11,14,51
70571,1781208900,2026-06-11,15,15
70601,1781210700,2026-06-11,15,45
70666,1781218200,2026-06-11,17,50
70703,1781220420,2026-06-11,18,27
70772,1781224560,2026-06-11,19,36
70834,1781228280,2026-06-11,20,38
70856,1781229600,2026-06-11,21,00
70982,1781237160,2026-06-11,23,06
70991,1781237700,2026-06-11,23,15
70996,1781238000,2026-06-11,23,20
71036,1781240400,2026-06-12,00,00
71086,1781243400,2026-06-12,00,50
71109,1781244780,2026-06-12,01,13
71173,1781248620,2026-06-12,02,17
71238,1781252520,2026-06-12,03,22
71256,1781253600,2026-06-12,03,40
71312,1781256960,2026-06-12,04,36
71365,1781260140,2026-06-12,05,29
71451,1781265300,2026-06-12,06,55
71561,1781271900,2026-06-12,08,45
71661,1781277900,2026-06-12,10,25
71696,1781280000,2026-06-12,11,00
71762,1781283960,2026-06-12,12,06
71834,1781288280,2026-06-12,13,18
71857,1781289660,2026-06-12,13,41
71911,1781292900,2026-06-12,14,35
71953,1781295420,2026-06-12,15,17
71990,1781297640,2026-06-12,15,54
72020,1781475840,2026-06-14,17,24
72077,1781479260,2026-06-14,18,21
72329,1781494380,2026-06-14,22,33
72369,1781496780,2026-06-14,23,13
72438,1781500920,2026-06-15,00,22
72453,1781501820,2026-06-15,00,37
72543,1781507220,2026-06-15,02,07
72549,1781507580,2026-06-15,02,13
72641,1781513100,2026-06-15,03,45
72642,1781513160,2026-06-15,03,46
72642,1781513160,2026-06-15,03,46
72701,1781516700,2026-06-15,04,45
72807,1781523060,2026-06-15,06,31
72881,1781527500,2026-06-15,07,45
72949,1781531580,2026-06-15,08,53
72978,1781533320,2026-06-15,09,22
73106,1781541000,2026-06-15,11,30
73143,1781543220,2026-06-15,12,07
73166,1781544600,2026-06-15,12,30
73226,1781548200,2026-06-15,13,30
73241,1781549100,2026-06-15,13,45
73313,1781553420,2026-06-15,14,57
73316,1781553600,2026-06-15,15,00
73404,1781562480,2026-06-15,17,28
73527,1781569860,2026-06-15,19,31
73565,1781572140,2026-06-15,20,09
73717,1781581260,2026-06-15,22,41
73787,1781585460,2026-06-15,23,51
73814,1781587080,2026-06-16,00,18
73831,1781588100,2026-06-16,00,35
73926,1781593800,2026-06-16,02,10
73965,1781596140,2026-06-16,02,49
74033,1781600220,2026-06-16,03,57
74092,1781603760,2026-06-16,04,56
74176,1781608800,2026-06-16,06,20
74310,1781616840,2026-06-16,08,34
74331,1781618100,2026-06-16,08,55
74444,1781624880,2026-06-16,10,48
74478,1781626920,2026-06-16,11,22
74555,1781631540,2026-06-16,12,39
74572,1781632560,2026-06-16,12,56
74715,1781641140,2026-06-16,15,19
74812,1781650560,2026-06-16,17,56
74866,1781653800,2026-06-16,18,50
75023,1781663220,2026-06-16,21,27
75079,1781666580,2026-06-16,22,23
75142,1781670360,2026-06-16,23,26
75157,1781671260,2026-06-16,23,41
75225,1781675340,2026-06-17,00,49
75269,1781677980,2026-06-17,01,33
75307,1781680260,2026-06-17,02,11
75322,1781681160,2026-06-17,02,26
75364,1781683680,2026-06-17,03,08
75406,1781686200,2026-06-17,03,50
75447,1781688660,2026-06-17,04,31
75483,1781690820,2026-06-17,05,07
75527,1781693460,2026-06-17,05,51
75593,1781697420,2026-06-17,06,57
75634,1781699880,2026-06-17,07,38
75718,1781704920,2026-06-17,09,02
75740,1781706240,2026-06-17,09,24
75763,1781707620,2026-06-17,09,47
75838,1781712120,2026-06-17,11,02
75904,1781716080,2026-06-17,12,08
75955,1781719140,2026-06-17,12,59
75962,1781719560,2026-06-17,13,06
76000,1781721840,2026-06-17,13,44
76067,1781725860,2026-06-17,14,51
76069,1781725980,2026-06-17,14,53
76069,1781725980,2026-06-17,14,53
76271,1781741700,2026-06-17,19,15
76308,1781743920,2026-06-17,19,52
76329,1781745180,2026-06-17,20,13
76364,1781747280,2026-06-17,20,48
76467,1781753460,2026-06-17,22,31
76541,1781757900,2026-06-17,23,45
76590,1781760840,2026-06-18,00,34
76617,1781762460,2026-06-18,01,01
76681,1781766300,2026-06-18,02,05
76694,1781767080,2026-06-18,02,18
76746,1781770200,2026-06-18,03,10
76794,1781773080,2026-06-18,03,58
76852,1781776560,2026-06-18,04,56
76957,1781782860,2026-06-18,06,41
77062,1781789160,2026-06-18,08,26
77080,1781790240,2026-06-18,08,44
77167,1781795460,2026-06-18,10,11
77203,1781797620,2026-06-18,10,47
77310,1781804040,2026-06-18,12,34
77408,1781809920,2026-06-18,14,12
77443,1781812020,2026-06-18,14,47
77456,1781812800,2026-06-18,15,00
77516,1781820000,2026-06-18,17,00
77563,1781822820,2026-06-18,17,47
77624,1781826480,2026-06-18,18,48
77625,1781826540,2026-06-18,18,49
77632,1781826960,2026-06-18,18,56
77657,1781828460,2026-06-18,19,21
77700,1781831040,2026-06-18,20,04
77773,1781835420,2026-06-18,21,17
77799,1781836980,2026-06-18,21,43
77978,1781847720,2026-06-19,00,42
78176,1781859600,2026-06-19,04,00
78304,1781867280,2026-06-19,06,08
78336,1781869200,2026-06-19,06,40
78393,1781872620,2026-06-19,07,37
78472,1781877360,2026-06-19,08,56
78492,1781878560,2026-06-19,09,16
78545,1781881740,2026-06-19,10,09
78574,1781883480,2026-06-19,10,38
78630,1781886840,2026-06-19,11,34
78775,1782086340,2026-06-21,18,59
78873,1782092220,2026-06-21,20,37
78970,1782098040,2026-06-21,22,14
78987,1782099060,2026-06-21,22,31
78990,1782099240,2026-06-21,22,34
78990,1782099240,2026-06-21,22,34
79060,1782103440,2026-06-21,23,44
79216,1782112800,2026-06-22,02,20
79279,1782116580,2026-06-22,03,23
79322,1782119160,2026-06-22,04,06
79371,1782122100,2026-06-22,04,55
79372,1782122160,2026-06-22,04,56
79375,1782122340,2026-06-22,04,59
79386,1782123000,2026-06-22,05,10
79416,1782124800,2026-06-22,05,40
79442,1782126360,2026-06-22,06,06
79450,1782126840,2026-06-22,06,14
79586,1782135000,2026-06-22,08,30
79589,1782135180,2026-06-22,08,33
79626,1782137400,2026-06-22,09,10
79671,1782140100,2026-06-22,09,55
79678,1782140520,2026-06-22,10,02
79740,1782144240,2026-06-22,11,04
79876,1782152400,2026-06-22,13,20
79924,1782155280,2026-06-22,14,08
79978,1782158520,2026-06-22,15,02
79988,1782159120,2026-06-22,15,12
80038,1782165720,2026-06-22,17,02
80180,1782174240,2026-06-22,19,24
80201,1782175500,2026-06-22,19,45
80377,1782186060,2026-06-22,22,41
80396,1782187200,2026-06-22,23,00
80578,1782198120,2026-06-23,02,02
80589,1782198780,2026-06-23,02,13
80661,1782203100,2026-06-23,03,25
80723,1782206820,2026-06-23,04,27
80798,1782211320,2026-06-23,05,42
80878,1782216120,2026-06-23,07,02
80967,1782221460,2026-06-23,08,31
81016,1782224400,2026-06-23,09,20
81096,1782229200,2026-06-23,10,40
81131,1782231300,2026-06-23,11,15
81184,1782234480,2026-06-23,12,08
81212,1782236160,2026-06-23,12,36
81290,1782240840,2026-06-23,13,54
81432,1782252960,2026-06-23,17,16
81484,1782256080,2026-06-23,18,08
81578,1782261720,2026-06-23,19,42
81614,1782263880,2026-06-23,20,18
81650,1782266040,2026-06-23,20,54
81722,1782270360,2026-06-23,22,06
81751,1782272100,2026-06-23,22,35
81798,1782274920,2026-06-23,23,22
81875,1782279540,2026-06-24,00,39
81900,1782281040,2026-06-24,01,04
81932,1782282960,2026-06-24,01,36
82016,1782288000,2026-06-24,03,00
82049,1782289980,2026-06-24,03,33
82121,1782294300,2026-06-24,04,45
82180,1782297840,2026-06-24,05,44
82216,1782300000,2026-06-24,06,20
82276,1782303600,2026-06-24,07,20
82346,1782307800,2026-06-24,08,30
82352,1782308160,2026-06-24,08,36
82396,1782310800,2026-06-24,09,20
82437,1782313260,2026-06-24,10,01
82589,1782322380,2026-06-24,12,33
82641,1782325500,2026-06-24,13,25
82689,1782328380,2026-06-24,14,13
82797,1782338460,2026-06-24,17,01
82853,1782341820,2026-06-24,17,57
82902,1782344760,2026-06-24,18,46
82964,1782348480,2026-06-24,19,48
83033,1782352620,2026-06-24,20,57
83052,1782353760,2026-06-24,21,16
83127,1782358260,2026-06-24,22,31
83188,1782361920,2026-06-24,23,32
83399,1782374580,2026-06-25,03,03
83454,1782377880,2026-06-25,03,58
83578,1782385320,2026-06-25,06,02
83606,1782387000,2026-06-25,06,30
83666,1782390600,2026-06-25,07,30
83755,1782395940,2026-06-25,08,59
83810,1782399240,2026-06-25,09,54
83831,1782400500,2026-06-25,10,15
83893,1782404220,2026-06-25,11,17
83921,1782405900,2026-06-25,11,45
83952,1782407760,2026-06-25,12,16
83956,1782408000,2026-06-25,12,20
84024,1782412080,2026-06-25,13,28
84106,1782417000,2026-06-25,14,50
84117,1782417660,2026-06-25,15,01
84206,1782426600,2026-06-25,17,30
84261,1782429900,2026-06-25,18,25
84514,1782445080,2026-06-25,22,38
84552,1782447360,2026-06-25,23,16
84589,1782449580,2026-06-25,23,53
84630,1782452040,2026-06-26,00,34
84666,1782454200,2026-06-26,01,10
84748,1782459120,2026-06-26,02,32
84858,1782465720,2026-06-26,04,22
84882,1782467160,2026-06-26,04,46
84898,1782468120,2026-06-26,05,02
84968,1782472320,2026-06-26,06,12
85010,1782474840,2026-06-26,06,54
85032,1782476160,2026-06-26,07,16
85110,1782480840,2026-06-26,08,34
85156,1782483600,2026-06-26,09,20
85211,1782486900,2026-06-26,10,15
85240,1782488640,2026-06-26,10,44
85277,1782490860,2026-06-26,11,21
85326,1782493800,2026-06-26,12,10
85433,1782500220,2026-06-26,13,57
85482,1782503160,2026-06-26,14,46
85541,1782506700,2026-06-26,15,45
85662,1782690360,2026-06-28,18,46
85708,1782693120,2026-06-28,19,32
85778,1782697320,2026-06-28,20,42
85811,1782699300,2026-06-28,21,15
85865,1782702540,2026-06-28,22,09
85894,1782704280,2026-06-28,22,38
85909,1782705180,2026-06-28,22,53
85981,1782709500,2026-06-29,00,05
86077,1782715260,2026-06-29,01,41
86099,1782716580,2026-06-29,02,03
86181,1782721500,2026-06-29,03,25
86268,1782726720,2026-06-29,04,52
86336,1782730800,2026-06-29,06,00
86357,1782732060,2026-06-29,06,21
86367,1782732660,2026-06-29,06,31
86486,1782739800,2026-06-29,08,30
86509,1782741180,2026-06-29,08,53
86531,1782742500,2026-06-29,09,15
86727,1782754260,2026-06-29,12,31
86785,1782757740,2026-06-29,13,29
86802,1782758760,2026-06-29,13,46
86869,1782762780,2026-06-29,14,53
86875,1782763140,2026-06-29,14,59
86938,1782770520,2026-06-29,17,02
87073,1782778620,2026-06-29,19,17
87101,1782780300,2026-06-29,19,45
87148,1782783120,2026-06-29,20,32
87193,1782785820,2026-06-29,21,17
87359,1782795780,2026-06-30,00,03
87393,1782797820,2026-06-30,00,37
87416,1782799200,2026-06-30,01,00
87450,1782801240,2026-06-30,01,34
87483,1782803220,2026-06-30,02,07
87536,1782806400,2026-06-30,03,00
87566,1782808200,2026-06-30,03,30
87576,1782808800,2026-06-30,03,40
87767,1782820260,2026-06-30,06,51
87808,1782822720,2026-06-30,07,32
87819,1782823380,2026-06-30,07,43
87860,1782825840,2026-06-30,08,24
87931,1782830100,2026-06-30,09,35
87954,1782831480,2026-06-30,09,58
88085,1782839340,2026-06-30,12,09
88142,1782842760,2026-06-30,13,06
88214,1782847080,2026-06-30,14,18
88307,1782852660,2026-06-30,15,51
88334,1782857880,2026-06-30,17,18
88369,1782859980,2026-06-30,17,53
88436,1782864000,2026-06-30,19,00
88571,1782872100,2026-06-30,21,15
88668,1782877920,2026-06-30,22,52
